{"cameraMode":{"drawMode":0,"name":"Shaded","section":"Shading Mode"},"sceneLighting":true,"audioPlay":false,"sceneViewState":{"m_AlwaysRefresh":true,"showFog":true,"showSkybox":true,"showFlares":true,"showImageEffects":true,"showParticleSystems":true,"showVisualEffectGraphs":true,"m_FxEnabled":true},"in2DMode":false,"pivot":{"x":7.2607102394104,"y":8.214828491210938,"z":-18.198331832885743},"rotation":{"x":-0.6650867462158203,"y":-0.014750765636563301,"z":0.0026254388503730299,"w":-0.7468740940093994},"size":2.1613595485687258,"orthographic":false}