{"cameraMode":{"drawMode":0,"name":"Shaded","section":"Shading Mode"},"sceneLighting":true,"audioPlay":false,"sceneViewState":{"m_AlwaysRefresh":true,"showFog":true,"showSkybox":true,"showFlares":true,"showImageEffects":true,"showParticleSystems":true,"showVisualEffectGraphs":true,"m_FxEnabled":true},"in2DMode":false,"pivot":{"x":114.24524688720703,"y":13.50548267364502,"z":32.825965881347659},"rotation":{"x":0.0643487498164177,"y":0.23351532220840455,"z":-0.007808750495314598,"w":0.9701957106590271},"size":24.493844985961915,"orthographic":false}