{"cameraMode":{"drawMode":0,"name":"Shaded","section":"Shading Mode"},"sceneLighting":true,"audioPlay":false,"sceneViewState":{"showFog":true,"showMaterialUpdate":true,"showSkybox":true,"showFlares":true,"showImageEffects":true,"showParticleSystems":true},"in2DMode":false,"pivot":{"x":189.93959045410157,"y":14.270676612854004,"z":1.3407281637191773},"rotation":{"x":-0.20577722787857057,"y":-0.13993912935256959,"z":0.03992104157805443,"w":-0.9684449434280396},"size":13.77703857421875,"orthographic":false}