{"cameraMode":{"drawMode":0,"name":"Shaded","section":"Shading Mode"},"sceneLighting":false,"audioPlay":false,"sceneViewState":{"showFog":true,"showMaterialUpdate":true,"showSkybox":false,"showFlares":true,"showImageEffects":true,"showParticleSystems":true},"in2DMode":false,"pivot":{"x":44.908111572265628,"y":33.79900360107422,"z":-2.909602642059326},"rotation":{"x":-0.19922789931297303,"y":-0.7104350328445435,"z":0.2219035029411316,"w":-0.6379669904708862},"size":0.9278467893600464,"orthographic":false}