{"cameraMode":{"drawMode":0,"name":"Shaded","section":"Shading Mode"},"sceneLighting":true,"audioPlay":false,"sceneViewState":{"showFog":true,"showMaterialUpdate":true,"showSkybox":true,"showFlares":true,"showImageEffects":true,"showParticleSystems":true},"in2DMode":false,"pivot":{"x":112.43058776855469,"y":19.727371215820314,"z":30.51263427734375},"rotation":{"x":0.09610000252723694,"y":0.035493798553943637,"z":-0.003474934957921505,"w":0.994732677936554},"size":11.033163070678711,"orthographic":false}