{"cameraMode":{"drawMode":0,"name":"Shaded","section":"Shading Mode"},"sceneLighting":true,"audioPlay":false,"sceneViewState":{"showFog":true,"showMaterialUpdate":true,"showSkybox":false,"showFlares":true,"showImageEffects":true,"showParticleSystems":true},"in2DMode":false,"pivot":{"x":22.835777282714845,"y":56.254791259765628,"z":-1.6255666017532349},"rotation":{"x":-0.34370413422584536,"y":-0.44045862555503847,"z":0.1876244992017746,"w":-0.8079854846000671},"size":0.3464110791683197,"orthographic":false}