{"cameraMode":{"drawMode":0,"name":"Shaded","section":"Shading Mode"},"sceneLighting":true,"audioPlay":false,"sceneViewState":{"showFog":true,"showMaterialUpdate":true,"showSkybox":false,"showFlares":true,"showImageEffects":true,"showParticleSystems":true},"in2DMode":false,"pivot":{"x":44.769874572753909,"y":41.798179626464847,"z":20.31093978881836},"rotation":{"x":0.24081389605998994,"y":-0.3177746832370758,"z":0.08380371332168579,"w":0.9132450222969055},"size":12.12435531616211,"orthographic":false}