{"cameraMode":{"drawMode":0,"name":"Shaded","section":"Shading Mode"},"sceneLighting":true,"audioPlay":false,"sceneViewState":{"showFog":true,"showMaterialUpdate":true,"showSkybox":true,"showFlares":true,"showImageEffects":true,"showParticleSystems":true},"in2DMode":false,"pivot":{"x":7.699016571044922,"y":-10.729169845581055,"z":-8.975242614746094},"rotation":{"x":0.6758365631103516,"y":-0.020675860345363618,"z":0.014392037875950337,"w":0.737226128578186},"size":12.12435531616211,"orthographic":false}