{"cameraMode":{"drawMode":0,"name":"Shaded","section":"Shading Mode"},"sceneLighting":true,"audioPlay":false,"sceneViewState":{"showFog":true,"showMaterialUpdate":true,"showSkybox":true,"showFlares":true,"showImageEffects":true,"showParticleSystems":true},"in2DMode":false,"pivot":{"x":29.149141311645509,"y":29.361669540405275,"z":-9.251886367797852},"rotation":{"x":0.02516450174152851,"y":-0.04287569224834442,"z":-0.0010802093893289567,"w":-0.9987645745277405},"size":1.607536792755127,"orthographic":false}