{"cameraMode":{"drawMode":0,"name":"Shaded","section":"Shading Mode"},"sceneLighting":true,"audioPlay":false,"sceneViewState":{"showFog":true,"showMaterialUpdate":true,"showSkybox":false,"showFlares":true,"showImageEffects":true,"showParticleSystems":true},"in2DMode":false,"pivot":{"x":17.0,"y":13.100000381469727,"z":1.6399999856948853},"rotation":{"x":-0.3042049705982208,"y":-0.46196675300598147,"z":0.1726575493812561,"w":-0.8151166439056397},"size":0.5705748200416565,"orthographic":false}