{"cameraMode":{"drawMode":0,"name":"Shaded","section":"Shading Mode"},"sceneLighting":true,"audioPlay":false,"sceneViewState":{"showFog":true,"showMaterialUpdate":true,"showSkybox":true,"showFlares":true,"showImageEffects":true,"showParticleSystems":true},"in2DMode":false,"pivot":{"x":97.61099243164063,"y":58.175750732421878,"z":-65.69601440429688},"rotation":{"x":-0.025204185396432878,"y":0.1127454861998558,"z":-0.0019718229304999115,"w":-0.9933323860168457},"size":7.719554901123047,"orthographic":false}