{"cameraMode":{"drawMode":0,"name":"Shaded","section":"Shading Mode"},"sceneLighting":false,"audioPlay":false,"sceneViewState":{"showFog":true,"showMaterialUpdate":true,"showSkybox":false,"showFlares":true,"showImageEffects":true,"showParticleSystems":true},"in2DMode":false,"pivot":{"x":84.5067138671875,"y":-32.44050216674805,"z":-0.6809794902801514},"rotation":{"x":0.11771001666784287,"y":0.4818229377269745,"z":-0.06565079838037491,"w":0.8658568263053894},"size":1.2247449159622193,"orthographic":false}