{"cameraMode":{"drawMode":0,"name":"Shaded","section":"Shading Mode"},"sceneLighting":true,"audioPlay":false,"sceneViewState":{"showFog":true,"showMaterialUpdate":true,"showSkybox":true,"showFlares":true,"showImageEffects":true,"showParticleSystems":true},"in2DMode":false,"pivot":{"x":43.38541793823242,"y":53.522972106933597,"z":-25.666189193725587},"rotation":{"x":0.30826038122177126,"y":-0.004610059317201376,"z":0.0009150285040959716,"w":0.9514273405075073},"size":10.002504348754883,"orthographic":false}