{"cameraMode":{"drawMode":0,"name":"Shaded","section":"Shading Mode"},"sceneLighting":true,"audioPlay":false,"sceneViewState":{"showFog":true,"showMaterialUpdate":true,"showSkybox":true,"showFlares":true,"showImageEffects":true,"showParticleSystems":true},"in2DMode":false,"pivot":{"x":4.154058456420898,"y":1.131507396697998,"z":6.635695457458496},"rotation":{"x":0.08069395273923874,"y":-0.04103459417819977,"z":0.0033946859184652569,"w":0.9959434270858765},"size":6.021535873413086,"orthographic":false}