{"cameraMode":{"drawMode":0,"name":"Shaded","section":"Shading Mode"},"sceneLighting":true,"audioPlay":false,"sceneViewState":{"showFog":true,"showMaterialUpdate":true,"showSkybox":true,"showFlares":true,"showImageEffects":true,"showParticleSystems":true},"in2DMode":false,"pivot":{"x":0.6938340663909912,"y":1.0654881000518799,"z":-18.64266014099121},"rotation":{"x":-0.25738948583602908,"y":-0.02528272196650505,"z":0.007475958671420813,"w":-0.966075599193573},"size":1.2000000476837159,"orthographic":false}