{"cameraMode":{"drawMode":0,"name":"Shaded","section":"Shading Mode"},"sceneLighting":true,"audioPlay":false,"sceneViewState":{"showFog":true,"showMaterialUpdate":true,"showSkybox":true,"showFlares":true,"showImageEffects":true,"showParticleSystems":true},"in2DMode":false,"pivot":{"x":0.1007680669426918,"y":12.898262977600098,"z":-20.569089889526368},"rotation":{"x":0.39495649933815,"y":0.2759738564491272,"z":-0.12935301661491395,"w":0.8671640753746033},"size":0.7781535983085632,"orthographic":false}