{"cameraMode":{"drawMode":0,"name":"Shaded","section":"Shading Mode"},"sceneLighting":false,"audioPlay":false,"sceneViewState":{"showFog":true,"showMaterialUpdate":true,"showSkybox":false,"showFlares":true,"showImageEffects":true,"showParticleSystems":true},"in2DMode":false,"pivot":{"x":-12202.2080078125,"y":11192.322265625,"z":-0.1379999965429306},"rotation":{"x":0.11436164379119873,"y":0.05716628581285477,"z":-0.023165248334407808,"w":0.9921839833259583},"size":0.9214672446250916,"orthographic":false}