{"cameraMode":{"drawMode":0,"name":"Shaded","section":"Shading Mode"},"sceneLighting":false,"audioPlay":false,"sceneViewState":{"showFog":true,"showMaterialUpdate":true,"showSkybox":false,"showFlares":true,"showImageEffects":true,"showParticleSystems":true},"in2DMode":false,"pivot":{"x":-64.33723449707031,"y":20.03773307800293,"z":73.88178253173828},"rotation":{"x":-0.20844653248786927,"y":-0.06822095066308975,"z":0.014577195048332215,"w":-0.9757474064826965},"size":5.408327102661133,"orthographic":false}