{"cameraMode":{"drawMode":0,"name":"Shaded","section":"Shading Mode"},"sceneLighting":true,"audioPlay":false,"sceneViewState":{"showFog":true,"showMaterialUpdate":true,"showSkybox":false,"showFlares":true,"showImageEffects":true,"showParticleSystems":true},"in2DMode":false,"pivot":{"x":66.54341125488281,"y":3.5360615253448488,"z":6.942781448364258},"rotation":{"x":-0.10114915668964386,"y":0.019596444442868234,"z":-0.0021980060264468195,"w":-0.9947136044502258},"size":6.062177658081055,"orthographic":false}