{"cameraMode":{"drawMode":0,"name":"Shaded","section":"Shading Mode"},"sceneLighting":true,"audioPlay":false,"sceneViewState":{"showFog":true,"showMaterialUpdate":true,"showSkybox":true,"showFlares":true,"showImageEffects":true,"showParticleSystems":true},"in2DMode":false,"pivot":{"x":-30.949054718017579,"y":-91.48204040527344,"z":181.0443878173828},"rotation":{"x":-0.293175607919693,"y":0.1320953667163849,"z":-0.04095499590039253,"w":-0.9462130665779114},"size":134.7954864501953,"orthographic":false}