{"cameraMode":{"drawMode":0,"name":"Shaded","section":"Shading Mode"},"sceneLighting":true,"audioPlay":false,"sceneViewState":{"showFog":true,"showMaterialUpdate":true,"showSkybox":false,"showFlares":true,"showImageEffects":true,"showParticleSystems":true},"in2DMode":false,"pivot":{"x":1.229127049446106,"y":-0.047881338745355609,"z":0.11677073687314987},"rotation":{"x":0.05130022391676903,"y":-0.6823472380638123,"z":0.045713674277067187,"w":0.7283066511154175},"size":1.0140774250030518,"orthographic":false}