{"cameraMode":{"drawMode":0,"name":"Shaded","section":"Shading Mode"},"sceneLighting":true,"audioPlay":false,"sceneViewState":{"showFog":true,"showMaterialUpdate":true,"showSkybox":true,"showFlares":true,"showImageEffects":true,"showParticleSystems":true},"in2DMode":false,"pivot":{"x":3.4002249240875246,"y":6.168409824371338,"z":4.748959541320801},"rotation":{"x":-0.09873992949724198,"y":0.09002754837274552,"z":-0.008970141410827637,"w":-0.9909921288490295},"size":10.0,"orthographic":false}