{"cameraMode":{"drawMode":0,"name":"Shaded","section":"Shading Mode"},"sceneLighting":true,"audioPlay":false,"sceneViewState":{"showFog":true,"showMaterialUpdate":true,"showSkybox":true,"showFlares":true,"showImageEffects":true,"showParticleSystems":true},"in2DMode":false,"pivot":{"x":20.98637580871582,"y":13.941276550292969,"z":-42.528221130371097},"rotation":{"x":0.06581547856330872,"y":0.02512330375611782,"z":-0.00169691804330796,"w":0.9975478649139404},"size":2.7247447967529299,"orthographic":false}