{"cameraMode":{"drawMode":0,"name":"Shaded","section":"Shading Mode"},"sceneLighting":true,"audioPlay":false,"sceneViewState":{"showFog":true,"showMaterialUpdate":true,"showSkybox":true,"showFlares":true,"showImageEffects":true,"showParticleSystems":true},"in2DMode":false,"pivot":{"x":125.06969451904297,"y":4.639854431152344,"z":-16.046640396118165},"rotation":{"x":0.00816267542541027,"y":0.040495116263628009,"z":0.0005858346121385694,"w":-0.9992751479148865},"size":2.6405491828918459,"orthographic":false}