{"cameraMode":{"drawMode":0,"name":"Shaded","section":"Shading Mode"},"sceneLighting":true,"audioPlay":false,"sceneViewState":{"showFog":true,"showMaterialUpdate":true,"showSkybox":true,"showFlares":true,"showImageEffects":true,"showParticleSystems":true},"in2DMode":false,"pivot":{"x":111.3953857421875,"y":39.17236328125,"z":-4.266764163970947},"rotation":{"x":0.1649811863899231,"y":0.1988084465265274,"z":0.03625190258026123,"w":-0.9657962322235107},"size":15.48779296875,"orthographic":false}