{"cameraMode":{"drawMode":0,"name":"Shaded","section":"Shading Mode"},"sceneLighting":true,"audioPlay":false,"sceneViewState":{"showFog":true,"showMaterialUpdate":true,"showSkybox":true,"showFlares":true,"showImageEffects":true,"showParticleSystems":true},"in2DMode":false,"pivot":{"x":108.32415008544922,"y":33.123863220214847,"z":5.457430839538574},"rotation":{"x":-0.23039597272872926,"y":-0.017159946262836458,"z":0.005539637990295887,"w":-0.9731157422065735},"size":1.2247449159622193,"orthographic":false}