{"cameraMode":{"drawMode":0,"name":"Shaded","section":"Shading Mode"},"sceneLighting":true,"audioPlay":false,"sceneViewState":{"showFog":true,"showMaterialUpdate":true,"showSkybox":true,"showFlares":true,"showImageEffects":true,"showParticleSystems":true},"in2DMode":false,"pivot":{"x":1.8403431177139283,"y":89.10321807861328,"z":2.1781158447265627},"rotation":{"x":0.09482164680957794,"y":-0.021077943965792657,"z":0.0016370632220059634,"w":0.9954071044921875},"size":3.637305498123169,"orthographic":false}