{"cameraMode":{"drawMode":0,"name":"Shaded","section":"Shading Mode"},"sceneLighting":true,"audioPlay":false,"sceneViewState":{"showFog":true,"showMaterialUpdate":true,"showSkybox":true,"showFlares":true,"showImageEffects":true,"showParticleSystems":true},"in2DMode":false,"pivot":{"x":17.747665405273439,"y":0.12145614624023438,"z":18.98455810546875},"rotation":{"x":0.12987516820430757,"y":0.24191637337207795,"z":-0.03268010914325714,"w":0.9610411524772644},"size":15.42805290222168,"orthographic":false}