{"cameraMode":{"drawMode":0,"name":"Shaded","section":"Shading Mode"},"sceneLighting":true,"audioPlay":false,"sceneViewState":{"showFog":true,"showMaterialUpdate":true,"showSkybox":true,"showFlares":true,"showImageEffects":true,"showParticleSystems":true},"in2DMode":false,"pivot":{"x":19.682552337646486,"y":2.2300000190734865,"z":38.0},"rotation":{"x":0.04135371372103691,"y":-0.16932550072669984,"z":0.0064514875411987309,"w":0.9849334955215454},"size":20.132373809814454,"orthographic":false}