{"cameraMode":{"drawMode":0,"name":"Shaded","section":"Shading Mode"},"sceneLighting":false,"audioPlay":false,"sceneViewState":{"showFog":true,"showMaterialUpdate":true,"showSkybox":false,"showFlares":true,"showImageEffects":true,"showParticleSystems":true},"in2DMode":false,"pivot":{"x":-0.11085724830627442,"y":6.8007588386535648,"z":-0.8941601514816284},"rotation":{"x":-0.22156955301761628,"y":0.06033720076084137,"z":-0.012252497486770153,"w":-0.9732347726821899},"size":8.174151420593262,"orthographic":false}