{"cameraMode":{"drawMode":0,"name":"Shaded","section":"Shading Mode"},"sceneLighting":true,"audioPlay":false,"sceneViewState":{"showFog":true,"showMaterialUpdate":true,"showSkybox":true,"showFlares":true,"showImageEffects":true,"showParticleSystems":true},"in2DMode":false,"pivot":{"x":1.8572118282318116,"y":5.037753582000732,"z":-20.995330810546876},"rotation":{"x":-0.4358553886413574,"y":0.13200743496418,"z":-0.06481807678937912,"w":-0.8879458904266357},"size":2.789809465408325,"orthographic":false}