{"cameraMode":{"drawMode":0,"name":"Shaded","section":"Shading Mode"},"sceneLighting":true,"audioPlay":false,"sceneViewState":{"showFog":true,"showMaterialUpdate":true,"showSkybox":false,"showFlares":true,"showImageEffects":true,"showParticleSystems":true},"in2DMode":false,"pivot":{"x":6.15812349319458,"y":35.451507568359378,"z":20.787572860717775},"rotation":{"x":-0.04440857470035553,"y":-0.16082504391670228,"z":-0.009020034223794937,"w":0.9863231778144836},"size":12.12435531616211,"orthographic":false}