{"cameraMode":{"drawMode":0,"name":"Shaded","section":"Shading Mode"},"sceneLighting":true,"audioPlay":false,"sceneViewState":{"showFog":true,"showMaterialUpdate":true,"showSkybox":true,"showFlares":true,"showImageEffects":true,"showParticleSystems":true},"in2DMode":false,"pivot":{"x":-4.946654796600342,"y":26.368972778320314,"z":-23.363460540771486},"rotation":{"x":-0.3954421281814575,"y":0.02667926251888275,"z":-0.009055200032889843,"w":-0.9182268977165222},"size":0.8612486720085144,"orthographic":false}