{"cameraMode":{"drawMode":0,"name":"Shaded","section":"Shading Mode"},"sceneLighting":true,"audioPlay":false,"sceneViewState":{"showFog":true,"showMaterialUpdate":true,"showSkybox":true,"showFlares":true,"showImageEffects":true,"showParticleSystems":true},"in2DMode":false,"pivot":{"x":121.11065673828125,"y":-19.817245483398439,"z":9.266630172729493},"rotation":{"x":0.10996668040752411,"y":-0.05131484195590019,"z":0.005864864680916071,"w":0.9928257465362549},"size":13.094048500061036,"orthographic":false}