{"cameraMode":{"drawMode":0,"name":"Shaded","section":"Shading Mode"},"sceneLighting":true,"audioPlay":false,"sceneViewState":{"showFog":true,"showMaterialUpdate":true,"showSkybox":true,"showFlares":true,"showImageEffects":true,"showParticleSystems":true},"in2DMode":false,"pivot":{"x":103.67780303955078,"y":54.8313102722168,"z":-58.19083786010742},"rotation":{"x":0.0714111477136612,"y":-0.2967628836631775,"z":0.021171780303120614,"w":0.9520776867866516},"size":1.2269684076309205,"orthographic":false}