{"cameraMode":{"drawMode":0,"name":"Shaded","section":"Shading Mode"},"sceneLighting":true,"audioPlay":false,"sceneViewState":{"showFog":true,"showMaterialUpdate":true,"showSkybox":true,"showFlares":true,"showImageEffects":true,"showParticleSystems":true},"in2DMode":false,"pivot":{"x":9.27238655090332,"y":-6.385303497314453,"z":10.25442886352539},"rotation":{"x":0.27280575037002566,"y":0.08506132662296295,"z":-0.027576420456171037,"w":0.9582996368408203},"size":10.663214683532715,"orthographic":false}