{"cameraMode":{"drawMode":0,"name":"Shaded","section":"Shading Mode"},"sceneLighting":true,"audioPlay":false,"sceneViewState":{"showFog":true,"showMaterialUpdate":true,"showSkybox":true,"showFlares":true,"showImageEffects":true,"showParticleSystems":true},"in2DMode":false,"pivot":{"x":26.049821853637697,"y":63.939666748046878,"z":-9.1384916305542},"rotation":{"x":0.42428693175315859,"y":-0.11708123981952667,"z":0.05559445917606354,"w":0.8962183594703674},"size":16.90155029296875,"orthographic":false}