{"cameraMode":{"drawMode":0,"name":"Shaded","section":"Shading Mode"},"sceneLighting":true,"audioPlay":false,"sceneViewState":{"showFog":true,"showMaterialUpdate":true,"showSkybox":true,"showFlares":true,"showImageEffects":true,"showParticleSystems":true},"in2DMode":false,"pivot":{"x":89.86827850341797,"y":6.812171936035156,"z":-11.70534610748291},"rotation":{"x":0.03716859221458435,"y":0.12470374256372452,"z":-0.004097882192581892,"w":0.9924827814102173},"size":1.1809160709381104,"orthographic":false}