{"cameraMode":{"drawMode":0,"name":"Shaded","section":"Shading Mode"},"sceneLighting":true,"audioPlay":false,"sceneViewState":{"showFog":true,"showMaterialUpdate":true,"showSkybox":false,"showFlares":true,"showImageEffects":true,"showParticleSystems":true},"in2DMode":false,"pivot":{"x":6.245161056518555,"y":2.4306535720825197,"z":-11.68876838684082},"rotation":{"x":0.19574452936649323,"y":-0.43397048115730288,"z":0.09719712287187576,"w":0.8740265369415283},"size":2.5140767097473146,"orthographic":false}