{"cameraMode":{"drawMode":0,"name":"Shaded","section":"Shading Mode"},"sceneLighting":true,"audioPlay":false,"sceneViewState":{"showFog":true,"showMaterialUpdate":true,"showSkybox":true,"showFlares":true,"showImageEffects":true,"showParticleSystems":true},"in2DMode":false,"pivot":{"x":89.38833618164063,"y":12.207904815673829,"z":-0.8936744332313538},"rotation":{"x":0.24091587960720063,"y":0.04808121174573898,"z":-0.012180856429040432,"w":0.9693334698677063},"size":10.843889236450196,"orthographic":false}