{"cameraMode":{"drawMode":0,"name":"Shaded","section":"Shading Mode"},"sceneLighting":false,"audioPlay":false,"sceneViewState":{"showFog":true,"showMaterialUpdate":true,"showSkybox":false,"showFlares":true,"showImageEffects":true,"showParticleSystems":true},"in2DMode":false,"pivot":{"x":-12202.4765625,"y":11192.9921875,"z":-2.6856136322021486},"rotation":{"x":0.15458999574184419,"y":0.050257354974746707,"z":-0.024539928883314134,"w":0.987059473991394},"size":0.9214672446250916,"orthographic":false}