{"cameraMode":{"drawMode":0,"name":"Shaded","section":"Shading Mode"},"sceneLighting":true,"audioPlay":false,"sceneViewState":{"showFog":true,"showMaterialUpdate":true,"showSkybox":false,"showFlares":true,"showImageEffects":true,"showParticleSystems":true},"in2DMode":false,"pivot":{"x":84.44000244140625,"y":-31.229999542236329,"z":-0.40000009536743166},"rotation":{"x":0.14613667130470277,"y":0.03603654354810715,"z":-0.0058790165930986408,"w":0.9890019297599793},"size":9.093266487121582,"orthographic":false}