{"cameraMode":{"drawMode":0,"name":"Shaded","section":"Shading Mode"},"sceneLighting":true,"audioPlay":false,"sceneViewState":{"showFog":true,"showMaterialUpdate":true,"showSkybox":true,"showFlares":true,"showImageEffects":true,"showParticleSystems":true},"in2DMode":false,"pivot":{"x":95.86361694335938,"y":8.967621803283692,"z":-18.77515983581543},"rotation":{"x":-0.06908726692199707,"y":-0.05829354003071785,"z":0.04702116549015045,"w":-0.9961053729057312},"size":0.3247448801994324,"orthographic":false}