{"cameraMode":{"drawMode":0,"name":"Shaded","section":"Shading Mode"},"sceneLighting":true,"audioPlay":false,"sceneViewState":{"showFog":true,"showMaterialUpdate":true,"showSkybox":true,"showFlares":true,"showImageEffects":true,"showParticleSystems":true},"in2DMode":false,"pivot":{"x":2.2184321880340578,"y":0.8489223122596741,"z":-2.994615077972412},"rotation":{"x":0.14439229667186738,"y":0.005937919486314058,"z":-0.0008765643578954041,"w":0.9895318150520325},"size":4.284695625305176,"orthographic":false}