{"cameraMode":{"drawMode":0,"name":"Shaded","section":"Shading Mode"},"sceneLighting":true,"audioPlay":false,"sceneViewState":{"showFog":true,"showMaterialUpdate":true,"showSkybox":true,"showFlares":true,"showImageEffects":true,"showParticleSystems":true},"in2DMode":false,"pivot":{"x":1.1158438920974732,"y":1.0,"z":-9.600000381469727},"rotation":{"x":0.2383245825767517,"y":0.14215652644634248,"z":-0.03530225530266762,"w":0.9600946307182312},"size":1.840055227279663,"orthographic":false}