{"cameraMode":{"drawMode":0,"name":"Shaded","section":"Shading Mode"},"sceneLighting":true,"audioPlay":false,"sceneViewState":{"showFog":true,"showMaterialUpdate":true,"showSkybox":true,"showFlares":true,"showImageEffects":true,"showParticleSystems":true},"in2DMode":false,"pivot":{"x":1.638015866279602,"y":-0.0625174343585968,"z":-16.458877563476564},"rotation":{"x":-0.4052610695362091,"y":-0.014547963626682759,"z":0.0064293923787772659,"w":-0.914087176322937},"size":2.789809465408325,"orthographic":false}