{"cameraMode":{"drawMode":0,"name":"Shaded","section":"Shading Mode"},"sceneLighting":false,"audioPlay":false,"sceneViewState":{"showFog":true,"showMaterialUpdate":true,"showSkybox":false,"showFlares":true,"showImageEffects":true,"showParticleSystems":true},"in2DMode":false,"pivot":{"x":-12.41668701171875,"y":307.74481201171877,"z":0.000034262506233062595},"rotation":{"x":0.18280960619449616,"y":0.20012833178043366,"z":-0.03815573453903198,"w":0.9620167016983032},"size":19.88776206970215,"orthographic":false}