{"cameraMode":{"drawMode":0,"name":"Shaded","section":"Shading Mode"},"sceneLighting":true,"audioPlay":false,"sceneViewState":{"showFog":true,"showMaterialUpdate":true,"showSkybox":true,"showFlares":true,"showImageEffects":true,"showParticleSystems":true},"in2DMode":false,"pivot":{"x":48.73130416870117,"y":1.5668277740478516,"z":-18.300846099853517},"rotation":{"x":0.044533319771289828,"y":0.011146105825901032,"z":0.00006272456812439486,"w":-0.9991664886474609},"size":2.005471706390381,"orthographic":false}