{"cameraMode":{"drawMode":0,"name":"Shaded","section":"Shading Mode"},"sceneLighting":true,"audioPlay":false,"sceneViewState":{"showFog":true,"showMaterialUpdate":true,"showSkybox":true,"showFlares":true,"showImageEffects":true,"showParticleSystems":true},"in2DMode":false,"pivot":{"x":61.98413848876953,"y":1.2751365900039673,"z":4.944489002227783},"rotation":{"x":-0.16300848126411439,"y":-0.02900509163737297,"z":0.004795379471033812,"w":-0.9861912131309509},"size":3.790330648422241,"orthographic":false}