{"cameraMode":{"drawMode":0,"name":"Shaded","section":"Shading Mode"},"sceneLighting":true,"audioPlay":false,"sceneViewState":{"showFog":true,"showMaterialUpdate":true,"showSkybox":true,"showFlares":true,"showImageEffects":true,"showParticleSystems":true},"in2DMode":false,"pivot":{"x":85.18891906738281,"y":92.9179458618164,"z":-44.56505584716797},"rotation":{"x":0.2772097885608673,"y":-0.027617305517196657,"z":0.007610623724758625,"w":0.9605008959770203},"size":13.469184875488282,"orthographic":false}