{"cameraMode":{"drawMode":0,"name":"Shaded","section":"Shading Mode"},"sceneLighting":true,"audioPlay":false,"sceneViewState":{"showFog":true,"showMaterialUpdate":true,"showSkybox":true,"showFlares":true,"showImageEffects":true,"showParticleSystems":true},"in2DMode":false,"pivot":{"x":29.711483001708986,"y":72.67032623291016,"z":-10.786235809326172},"rotation":{"x":-0.2829573154449463,"y":0.1567210555076599,"z":-0.04651813581585884,"w":-0.9455187916755676},"size":6.062177658081055,"orthographic":false}