{"cameraMode":{"drawMode":0,"name":"Shaded","section":"Shading Mode"},"sceneLighting":false,"audioPlay":false,"sceneViewState":{"showFog":true,"showMaterialUpdate":true,"showSkybox":false,"showFlares":true,"showImageEffects":true,"showParticleSystems":true},"in2DMode":false,"pivot":{"x":48.0,"y":53.67500305175781,"z":1.5049999952316285},"rotation":{"x":0.04168127104640007,"y":0.08489169180393219,"z":-0.010379716753959656,"w":0.9955073595046997},"size":1.8809891939163209,"orthographic":false}