{"cameraMode":{"drawMode":0,"name":"Shaded","section":"Shading Mode"},"sceneLighting":true,"audioPlay":false,"sceneViewState":{"showFog":true,"showMaterialUpdate":true,"showSkybox":true,"showFlares":true,"showImageEffects":true,"showParticleSystems":true},"in2DMode":false,"pivot":{"x":8.526227951049805,"y":4.018068790435791,"z":-1.5781751871109009},"rotation":{"x":0.08840320259332657,"y":-0.11312320828437805,"z":0.010125617496669293,"w":0.9896969795227051},"size":1.0356159210205079,"orthographic":false}