{"cameraMode":{"drawMode":0,"name":"Shaded","section":"Shading Mode"},"sceneLighting":true,"audioPlay":false,"sceneViewState":{"showFog":true,"showMaterialUpdate":true,"showSkybox":true,"showFlares":true,"showImageEffects":true,"showParticleSystems":true},"in2DMode":false,"pivot":{"x":24.305435180664064,"y":-0.14907987415790559,"z":22.84588623046875},"rotation":{"x":-0.0906786248087883,"y":0.11456958204507828,"z":-0.010134217329323292,"w":-0.9894261956214905},"size":15.475940704345704,"orthographic":false}