{"cameraMode":{"drawMode":0,"name":"Shaded","section":"Shading Mode"},"sceneLighting":false,"audioPlay":false,"sceneViewState":{"showFog":true,"showMaterialUpdate":true,"showSkybox":false,"showFlares":true,"showImageEffects":true,"showParticleSystems":true},"in2DMode":false,"pivot":{"x":54.58838653564453,"y":-1.3294181823730469,"z":0.04042196273803711},"rotation":{"x":0.3463737964630127,"y":0.08457181602716446,"z":-0.03862602263689041,"w":0.933516263961792},"size":6.799198150634766,"orthographic":false}