{"cameraMode":{"drawMode":0,"name":"Shaded","section":"Shading Mode"},"sceneLighting":true,"audioPlay":false,"sceneViewState":{"showFog":true,"showMaterialUpdate":true,"showSkybox":true,"showFlares":true,"showImageEffects":true,"showParticleSystems":true},"in2DMode":false,"pivot":{"x":53.608070373535159,"y":26.44282341003418,"z":50.847694396972659},"rotation":{"x":0.05946839600801468,"y":-0.2808043658733368,"z":0.01728064753115177,"w":0.9578055143356323},"size":53.234676361083987,"orthographic":false}