{"cameraMode":{"drawMode":0,"name":"Shaded","section":"Shading Mode"},"sceneLighting":true,"audioPlay":false,"sceneViewState":{"showFog":true,"showMaterialUpdate":true,"showSkybox":true,"showFlares":true,"showImageEffects":true,"showParticleSystems":true},"in2DMode":false,"pivot":{"x":17.87694549560547,"y":47.86114501953125,"z":-42.30356216430664},"rotation":{"x":-0.3894454836845398,"y":-0.26454660296440127,"z":0.14888836443424226,"w":-0.8710212707519531},"size":2.7991085052490236,"orthographic":false}