{"cameraMode":{"drawMode":0,"name":"Shaded","section":"Shading Mode"},"sceneLighting":true,"audioPlay":false,"sceneViewState":{"showFog":true,"showMaterialUpdate":true,"showSkybox":true,"showFlares":true,"showImageEffects":true,"showParticleSystems":true},"in2DMode":false,"pivot":{"x":101.75418853759766,"y":32.86878967285156,"z":-3.907191038131714},"rotation":{"x":-0.25408416986465456,"y":-0.038889460265636447,"z":0.017947589978575708,"w":-0.9662623405456543},"size":0.8660253882408142,"orthographic":false}