{"cameraMode":{"drawMode":0,"name":"Shaded","section":"Shading Mode"},"sceneLighting":true,"audioPlay":false,"sceneViewState":{"showFog":true,"showMaterialUpdate":true,"showSkybox":true,"showFlares":true,"showImageEffects":true,"showParticleSystems":true},"in2DMode":false,"pivot":{"x":46.148292541503909,"y":23.078487396240236,"z":-0.7653422951698303},"rotation":{"x":0.2166343778371811,"y":0.12791535258293153,"z":-0.028760164976119996,"w":0.9678332805633545},"size":9.093266487121582,"orthographic":false}