{"cameraMode":{"drawMode":0,"name":"Shaded","section":"Shading Mode"},"sceneLighting":true,"audioPlay":false,"sceneViewState":{"showFog":true,"showMaterialUpdate":true,"showSkybox":true,"showFlares":true,"showImageEffects":true,"showParticleSystems":true},"in2DMode":false,"pivot":{"x":102.50598907470703,"y":-9.092265129089356,"z":13.666033744812012},"rotation":{"x":0.2433568686246872,"y":-0.22807735204696656,"z":0.058279383927583697,"w":0.9413614869117737},"size":22.964670181274415,"orthographic":false}