{"cameraMode":{"drawMode":0,"name":"Shaded","section":"Shading Mode"},"sceneLighting":true,"audioPlay":false,"sceneViewState":{"showFog":true,"showMaterialUpdate":true,"showSkybox":true,"showFlares":true,"showImageEffects":true,"showParticleSystems":true},"in2DMode":false,"pivot":{"x":6.414177894592285,"y":4.981919288635254,"z":-4.024567604064941},"rotation":{"x":0.30354341864585879,"y":0.1162491962313652,"z":-0.03733661398291588,"w":0.9449686408042908},"size":0.36446911096572878,"orthographic":false}