{"cameraMode":{"drawMode":0,"name":"Shaded","section":"Shading Mode"},"sceneLighting":true,"audioPlay":false,"sceneViewState":{"showFog":true,"showMaterialUpdate":true,"showSkybox":true,"showFlares":true,"showImageEffects":true,"showParticleSystems":true},"in2DMode":false,"pivot":{"x":3.6556129455566408,"y":-4.587838649749756,"z":5.922205924987793},"rotation":{"x":-0.3425682485103607,"y":-0.0472288504242897,"z":0.017119545489549638,"w":-0.9381890892982483},"size":9.093266487121582,"orthographic":false}