{"cameraMode":{"drawMode":0,"name":"Shaded","section":"Shading Mode"},"sceneLighting":true,"audioPlay":false,"sceneViewState":{"showFog":true,"showMaterialUpdate":true,"showSkybox":true,"showFlares":true,"showImageEffects":true,"showParticleSystems":true},"in2DMode":false,"pivot":{"x":27.078596115112306,"y":11.557950019836426,"z":-0.7365198135375977},"rotation":{"x":-0.11776721477508545,"y":0.5683779716491699,"z":0.06434802711009979,"w":0.8130393624305725},"size":18.486961364746095,"orthographic":false}