{"cameraMode":{"drawMode":0,"name":"Shaded","section":"Shading Mode"},"sceneLighting":false,"audioPlay":false,"sceneViewState":{"showFog":true,"showMaterialUpdate":true,"showSkybox":false,"showFlares":true,"showImageEffects":true,"showParticleSystems":true},"in2DMode":false,"pivot":{"x":-39.29999923706055,"y":21.469999313354493,"z":79.7093276977539},"rotation":{"x":-0.08273547887802124,"y":-0.38538217544555666,"z":-0.035718079656362537,"w":0.918370246887207},"size":8.062257766723633,"orthographic":false}