{"cameraMode":{"drawMode":0,"name":"Shaded","section":"Shading Mode"},"sceneLighting":true,"audioPlay":false,"sceneViewState":{"showFog":true,"showMaterialUpdate":true,"showSkybox":true,"showFlares":true,"showImageEffects":true,"showParticleSystems":true},"in2DMode":false,"pivot":{"x":3.3344056606292726,"y":20.604320526123048,"z":-21.74210548400879},"rotation":{"x":-0.5312573909759522,"y":0.029901724308729173,"z":-0.018391594290733339,"w":-0.8465978503227234},"size":1.401298464324817e-45,"orthographic":false}