{"cameraMode":{"drawMode":0,"name":"Shaded","section":"Shading Mode"},"sceneLighting":true,"audioPlay":false,"sceneViewState":{"showFog":true,"showMaterialUpdate":true,"showSkybox":false,"showFlares":true,"showImageEffects":true,"showParticleSystems":true},"in2DMode":false,"pivot":{"x":2.8164329528808595,"y":-1.9838062524795533,"z":2.4427149295806886},"rotation":{"x":-0.18549111485481263,"y":-0.6000721454620361,"z":0.14886003732681275,"w":-0.7639660835266113},"size":1.2269684076309205,"orthographic":false}