{"cameraMode":{"drawMode":0,"name":"Shaded","section":"Shading Mode"},"sceneLighting":true,"audioPlay":false,"sceneViewState":{"showFog":true,"showMaterialUpdate":true,"showSkybox":false,"showFlares":true,"showImageEffects":true,"showParticleSystems":true},"in2DMode":false,"pivot":{"x":40.0,"y":-0.699999988079071,"z":-1.7000000476837159},"rotation":{"x":-0.12427600473165512,"y":0.16475670039653779,"z":-0.020687023177742959,"w":-0.9783391356468201},"size":1.0591224431991578,"orthographic":false}