{"cameraMode":{"drawMode":0,"name":"Shaded","section":"Shading Mode"},"sceneLighting":true,"audioPlay":false,"sceneViewState":{"showFog":true,"showMaterialUpdate":true,"showSkybox":true,"showFlares":true,"showImageEffects":true,"showParticleSystems":true},"in2DMode":false,"pivot":{"x":-1.7445721626281739,"y":23.46426010131836,"z":13.032800674438477},"rotation":{"x":0.4065437912940979,"y":0.14381952583789826,"z":-0.06523777544498444,"w":0.8999866843223572},"size":12.599602699279786,"orthographic":false}