{"cameraMode":{"drawMode":0,"name":"Shaded","section":"Shading Mode"},"sceneLighting":false,"audioPlay":false,"sceneViewState":{"showFog":true,"showMaterialUpdate":true,"showSkybox":false,"showFlares":true,"showImageEffects":true,"showParticleSystems":true},"in2DMode":false,"pivot":{"x":7.149999618530273,"y":6.115287780761719,"z":0.49049997329711916},"rotation":{"x":0.30729374289512637,"y":-0.1298634558916092,"z":0.042265187948942187,"w":0.9420093894004822},"size":1.7585140466690064,"orthographic":false}