{"cameraMode":{"drawMode":0,"name":"Shaded","section":"Shading Mode"},"sceneLighting":true,"audioPlay":false,"sceneViewState":{"showFog":true,"showMaterialUpdate":true,"showSkybox":true,"showFlares":true,"showImageEffects":true,"showParticleSystems":true},"in2DMode":false,"pivot":{"x":-11.32663345336914,"y":15.084147453308106,"z":-8.727937698364258},"rotation":{"x":0.1379321664571762,"y":0.19853544235229493,"z":-0.028238816186785699,"w":0.9699403643608093},"size":1.505547046661377,"orthographic":false}