{"cameraMode":{"drawMode":0,"name":"Shaded","section":"Shading Mode"},"sceneLighting":true,"audioPlay":false,"sceneViewState":{"showFog":true,"showMaterialUpdate":true,"showSkybox":true,"showFlares":true,"showImageEffects":true,"showParticleSystems":true},"in2DMode":false,"pivot":{"x":40.23615264892578,"y":5.081019401550293,"z":-7.456925392150879},"rotation":{"x":0.32293710112571719,"y":-0.000059566831623669714,"z":-0.00021588488016277552,"w":0.9464901685714722},"size":2.726968288421631,"orthographic":false}