{"cameraMode":{"drawMode":0,"name":"Shaded","section":"Shading Mode"},"sceneLighting":true,"audioPlay":false,"sceneViewState":{"showFog":true,"showMaterialUpdate":true,"showSkybox":true,"showFlares":true,"showImageEffects":true,"showParticleSystems":true},"in2DMode":false,"pivot":{"x":110.51038360595703,"y":-31.398048400878908,"z":-0.5912038087844849},"rotation":{"x":-0.32630589604377749,"y":0.14592325687408448,"z":-0.05114820599555969,"w":-0.9325926899909973},"size":0.999789297580719,"orthographic":false}