{"cameraMode":{"drawMode":0,"name":"Shaded","section":"Shading Mode"},"sceneLighting":true,"audioPlay":false,"sceneViewState":{"showFog":true,"showMaterialUpdate":true,"showSkybox":true,"showFlares":true,"showImageEffects":true,"showParticleSystems":true},"in2DMode":false,"pivot":{"x":0.1952831745147705,"y":1.1756654977798463,"z":-0.5129950046539307},"rotation":{"x":-0.24440017342567445,"y":-0.08221270889043808,"z":0.02079087868332863,"w":-0.9659681916236877},"size":0.8660253882408142,"orthographic":false}