{"cameraMode":{"drawMode":0,"name":"Shaded","section":"Shading Mode"},"sceneLighting":true,"audioPlay":false,"sceneViewState":{"showFog":true,"showMaterialUpdate":true,"showSkybox":true,"showFlares":true,"showImageEffects":true,"showParticleSystems":true},"in2DMode":false,"pivot":{"x":107.53528594970703,"y":3.960773229598999,"z":-6.262040138244629},"rotation":{"x":0.06976141035556793,"y":-0.015864945948123933,"z":0.0011669546365737916,"w":0.997511088848114},"size":10.0,"orthographic":false}