{"cameraMode":{"drawMode":0,"name":"Shaded","section":"Shading Mode"},"sceneLighting":true,"audioPlay":false,"sceneViewState":{"showFog":true,"showMaterialUpdate":true,"showSkybox":true,"showFlares":true,"showImageEffects":true,"showParticleSystems":true},"in2DMode":false,"pivot":{"x":8.18511962890625,"y":4.996840000152588,"z":-4.015980243682861},"rotation":{"x":0.11848410964012146,"y":0.027702659368515016,"z":-0.0033037294633686544,"w":0.9925661087036133},"size":0.8620423674583435,"orthographic":false}