{"cameraMode":{"drawMode":0,"name":"Shaded","section":"Shading Mode"},"sceneLighting":true,"audioPlay":false,"sceneViewState":{"showFog":true,"showMaterialUpdate":true,"showSkybox":false,"showFlares":true,"showImageEffects":true,"showParticleSystems":true},"in2DMode":false,"pivot":{"x":0.2749999761581421,"y":0.25,"z":16.13290023803711},"rotation":{"x":0.23128360509872437,"y":-0.6818071007728577,"z":0.24022576212882996,"w":0.6514739990234375},"size":1.285313606262207,"orthographic":false}