{"cameraMode":{"drawMode":0,"name":"Shaded","section":"Shading Mode"},"sceneLighting":true,"audioPlay":false,"sceneViewState":{"showFog":true,"showMaterialUpdate":true,"showSkybox":true,"showFlares":true,"showImageEffects":true,"showParticleSystems":true},"in2DMode":false,"pivot":{"x":35.62289810180664,"y":8.681089401245118,"z":-16.982139587402345},"rotation":{"x":-0.13932447135448457,"y":0.02138592302799225,"z":-0.002996820490807295,"w":-0.990023136138916},"size":2.084578514099121,"orthographic":false}