{"cameraMode":{"drawMode":0,"name":"Shaded","section":"Shading Mode"},"sceneLighting":false,"audioPlay":false,"sceneViewState":{"showFog":true,"showMaterialUpdate":true,"showSkybox":false,"showFlares":true,"showImageEffects":true,"showParticleSystems":true},"in2DMode":false,"pivot":{"x":74.42589569091797,"y":1.8761454820632935,"z":1.4253838062286378},"rotation":{"x":-0.18060730397701264,"y":0.27463847398757937,"z":-0.051839228719472888,"w":-0.9430973529815674},"size":0.8845786452293396,"orthographic":false}