{"cameraMode":{"drawMode":0,"name":"Shaded","section":"Shading Mode"},"sceneLighting":false,"audioPlay":false,"sceneViewState":{"showFog":true,"showMaterialUpdate":true,"showSkybox":false,"showFlares":true,"showImageEffects":true,"showParticleSystems":true},"in2DMode":false,"pivot":{"x":16.016000747680665,"y":1.99399995803833,"z":-0.528999924659729},"rotation":{"x":-0.2680525481700897,"y":-0.2166222333908081,"z":0.06246351823210716,"w":-0.937078595161438},"size":6.062177658081055,"orthographic":false}