{"cameraMode":{"drawMode":0,"name":"Shaded","section":"Shading Mode"},"sceneLighting":true,"audioPlay":false,"sceneViewState":{"showFog":true,"showMaterialUpdate":true,"showSkybox":true,"showFlares":true,"showImageEffects":true,"showParticleSystems":true},"in2DMode":false,"pivot":{"x":-17.822433471679689,"y":-0.5551981925964356,"z":-1.5820207595825196},"rotation":{"x":-0.024615803733468057,"y":0.7968124747276306,"z":-0.03253553807735443,"w":-0.6028521656990051},"size":17.262676239013673,"orthographic":false}