{"cameraMode":{"drawMode":0,"name":"Shaded","section":"Shading Mode"},"sceneLighting":false,"audioPlay":false,"sceneViewState":{"showFog":true,"showMaterialUpdate":true,"showSkybox":false,"showFlares":true,"showImageEffects":true,"showParticleSystems":true},"in2DMode":false,"pivot":{"x":96.91000366210938,"y":-32.58150100708008,"z":0.19999998807907105},"rotation":{"x":-0.2680525481700897,"y":-0.2166222333908081,"z":0.06246351823210716,"w":-0.937078595161438},"size":1.1591558456420899,"orthographic":false}