{"cameraMode":{"drawMode":0,"name":"Shaded","section":"Shading Mode"},"sceneLighting":true,"audioPlay":false,"sceneViewState":{"showFog":true,"showMaterialUpdate":true,"showSkybox":true,"showFlares":true,"showImageEffects":true,"showParticleSystems":true},"in2DMode":false,"pivot":{"x":39.3094367980957,"y":61.796531677246097,"z":-19.429994583129884},"rotation":{"x":-0.19945698976516725,"y":0.017419660463929178,"z":-0.003549915971234441,"w":-0.9798012971878052},"size":1.012423038482666,"orthographic":false}