{"cameraMode":{"drawMode":0,"name":"Shaded","section":"Shading Mode"},"sceneLighting":false,"audioPlay":false,"sceneViewState":{"showFog":true,"showMaterialUpdate":true,"showSkybox":false,"showFlares":true,"showImageEffects":true,"showParticleSystems":true},"in2DMode":false,"pivot":{"x":-11.848934173583985,"y":7.062056541442871,"z":0.3373275399208069},"rotation":{"x":-0.20150095224380494,"y":0.3972674012184143,"z":-0.08739117532968521,"w":-0.8915906548500061},"size":2.8284270763397219,"orthographic":false}