{"cameraMode":{"drawMode":0,"name":"Shaded","section":"Shading Mode"},"sceneLighting":true,"audioPlay":false,"sceneViewState":{"showFog":true,"showMaterialUpdate":true,"showSkybox":true,"showFlares":true,"showImageEffects":true,"showParticleSystems":true},"in2DMode":false,"pivot":{"x":158.91578674316407,"y":17.12116050720215,"z":-8.226119041442871},"rotation":{"x":-0.2580896019935608,"y":0.00020635410328395665,"z":0.0006695551564916968,"w":-0.9662649035453796},"size":0.8621591925621033,"orthographic":false}