{"cameraMode":{"drawMode":0,"name":"Shaded","section":"Shading Mode"},"sceneLighting":true,"audioPlay":false,"sceneViewState":{"showFog":true,"showMaterialUpdate":true,"showSkybox":true,"showFlares":true,"showImageEffects":true,"showParticleSystems":true},"in2DMode":false,"pivot":{"x":-3.5361647605895998,"y":7.242028713226318,"z":-7.462093830108643},"rotation":{"x":-0.19309990108013154,"y":0.01625710539519787,"z":-0.0028922639321535827,"w":-0.9811427593231201},"size":1.3314392566680909,"orthographic":false}