{"cameraMode":{"drawMode":0,"name":"Shaded","section":"Shading Mode"},"sceneLighting":true,"audioPlay":false,"sceneViewState":{"showFog":true,"showMaterialUpdate":true,"showSkybox":false,"showFlares":true,"showImageEffects":true,"showParticleSystems":true},"in2DMode":false,"pivot":{"x":40.0,"y":-0.35932254791259768,"z":-1.2939963340759278},"rotation":{"x":0.13668441772460938,"y":-0.0014033252373337746,"z":-0.00003629930870374665,"w":0.9906240105628967},"size":7.274613380432129,"orthographic":false}