{"cameraMode":{"drawMode":0,"name":"Shaded","section":"Shading Mode"},"sceneLighting":true,"audioPlay":false,"sceneViewState":{"showFog":true,"showMaterialUpdate":true,"showSkybox":true,"showFlares":true,"showImageEffects":true,"showParticleSystems":true},"in2DMode":false,"pivot":{"x":190.7003631591797,"y":14.042749404907227,"z":-40.5284538269043},"rotation":{"x":0.31394505500793459,"y":0.07114537060260773,"z":-0.03721778094768524,"w":0.9466666579246521},"size":6.1179633140563969,"orthographic":false}