{"cameraMode":{"drawMode":0,"name":"Shaded","section":"Shading Mode"},"sceneLighting":true,"audioPlay":false,"sceneViewState":{"showFog":true,"showMaterialUpdate":true,"showSkybox":false,"showFlares":true,"showImageEffects":true,"showParticleSystems":true},"in2DMode":false,"pivot":{"x":2.0,"y":2.7199997901916506,"z":1.9657769203186036},"rotation":{"x":-0.2497323751449585,"y":0.032611146569252017,"z":-0.0023045348934829237,"w":-0.9679747819900513},"size":1.2269684076309205,"orthographic":false}