{"cameraMode":{"drawMode":0,"name":"Shaded","section":"Shading Mode"},"sceneLighting":true,"audioPlay":false,"sceneViewState":{"showFog":true,"showMaterialUpdate":true,"showSkybox":true,"showFlares":true,"showImageEffects":true,"showParticleSystems":true},"in2DMode":false,"pivot":{"x":127.03129577636719,"y":14.177498817443848,"z":-10.925716400146485},"rotation":{"x":0.5070741176605225,"y":0.018096663057804109,"z":-0.010649895295500756,"w":0.8616785407066345},"size":2.7207932472229006,"orthographic":false}