{"cameraMode":{"drawMode":0,"name":"Shaded","section":"Shading Mode"},"sceneLighting":false,"audioPlay":false,"sceneViewState":{"showFog":true,"showMaterialUpdate":true,"showSkybox":false,"showFlares":true,"showImageEffects":true,"showParticleSystems":true},"in2DMode":false,"pivot":{"x":41.10527038574219,"y":25.725160598754884,"z":-2.874326229095459},"rotation":{"x":-0.12665905058383943,"y":-0.3311099708080292,"z":0.04557234048843384,"w":-0.9340266585350037},"size":1.02619469165802,"orthographic":false}