{"cameraMode":{"drawMode":0,"name":"Shaded","section":"Shading Mode"},"sceneLighting":true,"audioPlay":false,"sceneViewState":{"showFog":true,"showMaterialUpdate":true,"showSkybox":true,"showFlares":true,"showImageEffects":true,"showParticleSystems":true},"in2DMode":false,"pivot":{"x":86.99842834472656,"y":11.284589767456055,"z":-43.88441848754883},"rotation":{"x":0.3264148235321045,"y":0.09276890754699707,"z":0.0315401628613472,"w":-0.9403805136680603},"size":6.0527215003967289,"orthographic":false}