{"cameraMode":{"drawMode":0,"name":"Shaded","section":"Shading Mode"},"sceneLighting":true,"audioPlay":false,"sceneViewState":{"showFog":true,"showMaterialUpdate":true,"showSkybox":true,"showFlares":true,"showImageEffects":true,"showParticleSystems":true},"in2DMode":false,"pivot":{"x":53.021575927734378,"y":21.820392608642579,"z":-30.48763656616211},"rotation":{"x":0.327433705329895,"y":0.1276203989982605,"z":-0.044943034648895267,"w":0.9351393580436707},"size":7.580228328704834,"orthographic":false}