{"cameraMode":{"drawMode":0,"name":"Shaded","section":"Shading Mode"},"sceneLighting":true,"audioPlay":false,"sceneViewState":{"showFog":true,"showMaterialUpdate":true,"showSkybox":true,"showFlares":true,"showImageEffects":true,"showParticleSystems":true},"in2DMode":false,"pivot":{"x":22.88314437866211,"y":11.595595359802246,"z":-0.528999924659729},"rotation":{"x":-0.31931594014167788,"y":0.2235407531261444,"z":-0.07845726609230042,"w":-0.9178147912025452},"size":6.062177658081055,"orthographic":false}