{"cameraMode":{"drawMode":0,"name":"Shaded","section":"Shading Mode"},"sceneLighting":true,"audioPlay":false,"sceneViewState":{"showFog":true,"showMaterialUpdate":true,"showSkybox":true,"showFlares":true,"showImageEffects":true,"showParticleSystems":true},"in2DMode":false,"pivot":{"x":16.668481826782228,"y":92.00865936279297,"z":3.5524256229400636},"rotation":{"x":-0.30254414677619936,"y":-0.24344927072525025,"z":0.0801638588309288,"w":-0.9181013107299805},"size":5.678908348083496,"orthographic":false}