{"cameraMode":{"drawMode":0,"name":"Shaded","section":"Shading Mode"},"sceneLighting":true,"audioPlay":false,"sceneViewState":{"showFog":true,"showMaterialUpdate":true,"showSkybox":true,"showFlares":true,"showImageEffects":true,"showParticleSystems":true},"in2DMode":false,"pivot":{"x":47.30313491821289,"y":37.1234016418457,"z":-8.779662132263184},"rotation":{"x":0.3864993453025818,"y":-0.037907667458057407,"z":-0.012022226117551327,"w":0.9227645993232727},"size":9.093266487121582,"orthographic":false}