{"cameraMode":{"drawMode":0,"name":"Shaded","section":"Shading Mode"},"sceneLighting":true,"audioPlay":false,"sceneViewState":{"showFog":true,"showMaterialUpdate":true,"showSkybox":true,"showFlares":true,"showImageEffects":true,"showParticleSystems":true},"in2DMode":false,"pivot":{"x":7.221770763397217,"y":10.217506408691407,"z":-17.32182502746582},"rotation":{"x":0.5554056167602539,"y":0.009978248737752438,"z":-0.006665096618235111,"w":0.8314940333366394},"size":2.7207932472229006,"orthographic":false}