{"cameraMode":{"drawMode":0,"name":"Shaded","section":"Shading Mode"},"sceneLighting":true,"audioPlay":false,"sceneViewState":{"showFog":true,"showMaterialUpdate":true,"showSkybox":true,"showFlares":true,"showImageEffects":true,"showParticleSystems":true},"in2DMode":false,"pivot":{"x":3.4885449409484865,"y":-4.825532913208008,"z":-23.99089241027832},"rotation":{"x":0.2597477436065674,"y":0.11285935342311859,"z":-0.0305466428399086,"w":0.9586685299873352},"size":1.2269684076309205,"orthographic":false}