{"cameraMode":{"drawMode":0,"name":"Shaded","section":"Shading Mode"},"sceneLighting":true,"audioPlay":false,"sceneViewState":{"showFog":true,"showMaterialUpdate":true,"showSkybox":true,"showFlares":true,"showImageEffects":true,"showParticleSystems":true},"in2DMode":false,"pivot":{"x":35.40487289428711,"y":59.38410949707031,"z":-6.642670154571533},"rotation":{"x":-0.1513039916753769,"y":-0.0036435280926525594,"z":0.008914895355701447,"w":-0.9885150194168091},"size":0.8369926810264587,"orthographic":false}