{"cameraMode":{"drawMode":0,"name":"Shaded","section":"Shading Mode"},"sceneLighting":true,"audioPlay":false,"sceneViewState":{"showFog":true,"showMaterialUpdate":true,"showSkybox":true,"showFlares":true,"showImageEffects":true,"showParticleSystems":true},"in2DMode":false,"pivot":{"x":145.43075561523438,"y":-6.492686748504639,"z":-7.317763328552246},"rotation":{"x":-0.21390600502490998,"y":0.24620254337787629,"z":-0.009535741992294789,"w":-0.9466648101806641},"size":1.3660365343093873,"orthographic":false}