{"cameraMode":{"drawMode":0,"name":"Shaded","section":"Shading Mode"},"sceneLighting":true,"audioPlay":false,"sceneViewState":{"showFog":true,"showMaterialUpdate":true,"showSkybox":true,"showFlares":true,"showImageEffects":true,"showParticleSystems":true},"in2DMode":false,"pivot":{"x":10.531546592712403,"y":41.978206634521487,"z":-13.267359733581543},"rotation":{"x":0.2732330560684204,"y":-0.01567908562719822,"z":0.0036556299310177566,"w":0.9619320631027222},"size":1.2339746952056885,"orthographic":false}