{"cameraMode":{"drawMode":0,"name":"Shaded","section":"Shading Mode"},"sceneLighting":true,"audioPlay":false,"sceneViewState":{"showFog":true,"showMaterialUpdate":true,"showSkybox":true,"showFlares":true,"showImageEffects":true,"showParticleSystems":true},"in2DMode":false,"pivot":{"x":59.011566162109378,"y":-12.454432487487793,"z":20.718881607055665},"rotation":{"x":-0.3188542425632477,"y":0.11330749094486237,"z":-0.03801628574728966,"w":-0.9404065012931824},"size":14.265132904052735,"orthographic":false}