{"cameraMode":{"drawMode":0,"name":"Shaded","section":"Shading Mode"},"sceneLighting":true,"audioPlay":false,"sceneViewState":{"showFog":true,"showMaterialUpdate":true,"showSkybox":true,"showFlares":true,"showImageEffects":true,"showParticleSystems":true},"in2DMode":false,"pivot":{"x":129.1333465576172,"y":12.248385429382325,"z":-18.67641830444336},"rotation":{"x":0.15200093388557435,"y":-0.10543880611658097,"z":-0.016879526898264886,"w":0.9838950037956238},"size":3.284578323364258,"orthographic":false}