{"cameraMode":{"drawMode":0,"name":"Shaded","section":"Shading Mode"},"sceneLighting":true,"audioPlay":false,"sceneViewState":{"showFog":true,"showMaterialUpdate":true,"showSkybox":false,"showFlares":true,"showImageEffects":true,"showParticleSystems":true},"in2DMode":false,"pivot":{"x":-7.616839408874512,"y":52.67388916015625,"z":-2.5522379875183107},"rotation":{"x":-0.4044385552406311,"y":-0.28258180618286135,"z":0.13319380581378938,"w":-0.8596604466438294},"size":0.21051448583602906,"orthographic":false}