{"cameraMode":{"drawMode":0,"name":"Shaded","section":"Shading Mode"},"sceneLighting":true,"audioPlay":false,"sceneViewState":{"showFog":true,"showMaterialUpdate":true,"showSkybox":true,"showFlares":true,"showImageEffects":true,"showParticleSystems":true},"in2DMode":false,"pivot":{"x":116.76693725585938,"y":-37.73712158203125,"z":-24.02741813659668},"rotation":{"x":-0.031087173148989679,"y":0.08060656487941742,"z":0.002492643427103758,"w":0.9962961077690125},"size":-0.5752551555633545,"orthographic":false}