{"cameraMode":{"drawMode":0,"name":"Shaded","section":"Shading Mode"},"sceneLighting":true,"audioPlay":false,"sceneViewState":{"showFog":true,"showMaterialUpdate":true,"showSkybox":true,"showFlares":true,"showImageEffects":true,"showParticleSystems":true},"in2DMode":false,"pivot":{"x":43.31922149658203,"y":11.826528549194336,"z":-40.261783599853519},"rotation":{"x":0.08035966008901596,"y":-0.026314806193113328,"z":-0.002923517022281885,"w":0.9965275526046753},"size":6.062177658081055,"orthographic":false}