{"cameraMode":{"drawMode":0,"name":"Shaded","section":"Shading Mode"},"sceneLighting":true,"audioPlay":false,"sceneViewState":{"showFog":true,"showMaterialUpdate":true,"showSkybox":false,"showFlares":true,"showImageEffects":true,"showParticleSystems":true},"in2DMode":false,"pivot":{"x":22.881000518798829,"y":56.29999923706055,"z":-1.6169999837875367},"rotation":{"x":-0.3042049705982208,"y":-0.46196675300598147,"z":0.1726575493812561,"w":-0.8151166439056397},"size":0.3464110791683197,"orthographic":false}