{"cameraMode":{"drawMode":0,"name":"Shaded","section":"Shading Mode"},"sceneLighting":true,"audioPlay":false,"sceneViewState":{"showFog":true,"showMaterialUpdate":true,"showSkybox":true,"showFlares":true,"showImageEffects":true,"showParticleSystems":true},"in2DMode":false,"pivot":{"x":-19.114471435546876,"y":-1.2165521383285523,"z":6.268239498138428},"rotation":{"x":0.13301607966423036,"y":-0.006391345057636499,"z":0.001690165139734745,"w":0.991604208946228},"size":5.752392292022705,"orthographic":false}