{"cameraMode":{"drawMode":0,"name":"Shaded","section":"Shading Mode"},"sceneLighting":true,"audioPlay":false,"sceneViewState":{"showFog":true,"showMaterialUpdate":true,"showSkybox":true,"showFlares":true,"showImageEffects":true,"showParticleSystems":true},"in2DMode":false,"pivot":{"x":34.35169982910156,"y":52.331729888916019,"z":-77.1304931640625},"rotation":{"x":-0.003370442893356085,"y":0.04543289542198181,"z":0.000025823434043559246,"w":0.9990634322166443},"size":1.2247449159622193,"orthographic":false}