{"cameraMode":{"drawMode":0,"name":"Shaded","section":"Shading Mode"},"sceneLighting":false,"audioPlay":false,"sceneViewState":{"showFog":true,"showMaterialUpdate":true,"showSkybox":false,"showFlares":true,"showImageEffects":true,"showParticleSystems":true},"in2DMode":false,"pivot":{"x":7.397148609161377,"y":8.824060440063477,"z":2.2468831539154054},"rotation":{"x":0.04568822309374809,"y":0.3691713213920593,"z":0.018174974247813226,"w":-0.928061842918396},"size":1.2790729999542237,"orthographic":false}