{"cameraMode":{"drawMode":0,"name":"Shaded","section":"Shading Mode"},"sceneLighting":true,"audioPlay":false,"sceneViewState":{"showFog":true,"showMaterialUpdate":true,"showSkybox":true,"showFlares":true,"showImageEffects":true,"showParticleSystems":true},"in2DMode":false,"pivot":{"x":27.636924743652345,"y":17.290180206298829,"z":72.9083480834961},"rotation":{"x":0.11850927025079727,"y":-0.09328904747962952,"z":0.011438030749559403,"w":0.9884949922561646},"size":59.43754577636719,"orthographic":false}