{"cameraMode":{"drawMode":0,"name":"Shaded","section":"Shading Mode"},"sceneLighting":true,"audioPlay":false,"sceneViewState":{"showFog":true,"showMaterialUpdate":true,"showSkybox":true,"showFlares":true,"showImageEffects":true,"showParticleSystems":true},"in2DMode":false,"pivot":{"x":106.60061645507813,"y":27.654775619506837,"z":-4.778090476989746},"rotation":{"x":0.3700028955936432,"y":0.03700229898095131,"z":-0.016308419406414033,"w":0.9283003807067871},"size":5.042899131774902,"orthographic":false}