{"cameraMode":{"drawMode":0,"name":"Shaded","section":"Shading Mode"},"sceneLighting":true,"audioPlay":false,"sceneViewState":{"showFog":true,"showMaterialUpdate":true,"showSkybox":true,"showFlares":true,"showImageEffects":true,"showParticleSystems":true},"in2DMode":false,"pivot":{"x":227.36000061035157,"y":1.4514679908752442,"z":-3.6983437538146974},"rotation":{"x":0.09158357977867127,"y":0.04660513624548912,"z":-0.004261628724634647,"w":0.9947152137756348},"size":0.2038658708333969,"orthographic":false}