{"cameraMode":{"drawMode":0,"name":"Shaded","section":"Shading Mode"},"sceneLighting":true,"audioPlay":false,"sceneViewState":{"showFog":true,"showMaterialUpdate":true,"showSkybox":true,"showFlares":true,"showImageEffects":true,"showParticleSystems":true},"in2DMode":false,"pivot":{"x":4.39148473739624,"y":17.78802490234375,"z":-7.580706596374512},"rotation":{"x":-0.06607207655906677,"y":0.07535994797945023,"z":-0.0050035761669278149,"w":-0.9949547052383423},"size":0.8660253882408142,"orthographic":false}