{"cameraMode":{"drawMode":0,"name":"Shaded","section":"Shading Mode"},"sceneLighting":false,"audioPlay":false,"sceneViewState":{"showFog":true,"showMaterialUpdate":true,"showSkybox":false,"showFlares":true,"showImageEffects":true,"showParticleSystems":true},"in2DMode":false,"pivot":{"x":42.862648010253909,"y":-3.4314281940460207,"z":-0.6310140490531921},"rotation":{"x":-0.07283215969800949,"y":0.024302324280142785,"z":0.0008046740549616516,"w":-0.9975482225418091},"size":2.6405491828918459,"orthographic":false}