{"cameraMode":{"drawMode":0,"name":"Shaded","section":"Shading Mode"},"sceneLighting":true,"audioPlay":false,"sceneViewState":{"showFog":true,"showMaterialUpdate":true,"showSkybox":true,"showFlares":true,"showImageEffects":true,"showParticleSystems":true},"in2DMode":false,"pivot":{"x":104.33360290527344,"y":27.84869384765625,"z":15.470320701599121},"rotation":{"x":0.14623349905014039,"y":0.13663673400878907,"z":0.020398175343871118,"w":-0.9795628786087036},"size":1.8908274173736573,"orthographic":false}