{"cameraMode":{"drawMode":0,"name":"Shaded","section":"Shading Mode"},"sceneLighting":true,"audioPlay":false,"sceneViewState":{"showFog":true,"showMaterialUpdate":true,"showSkybox":true,"showFlares":true,"showImageEffects":true,"showParticleSystems":true},"in2DMode":false,"pivot":{"x":31.557411193847658,"y":5.284076690673828,"z":23.49498748779297},"rotation":{"x":0.2846170961856842,"y":-0.14874711632728578,"z":0.04307175800204277,"w":0.9461175799369812},"size":29.82972526550293,"orthographic":false}