{"cameraMode":{"drawMode":0,"name":"Shaded","section":"Shading Mode"},"sceneLighting":true,"audioPlay":false,"sceneViewState":{"showFog":true,"showMaterialUpdate":true,"showSkybox":true,"showFlares":true,"showImageEffects":true,"showParticleSystems":true},"in2DMode":false,"pivot":{"x":25.979999542236329,"y":21.010000228881837,"z":9.0},"rotation":{"x":0.10937032103538513,"y":0.40889570116996767,"z":-0.04944140836596489,"w":0.9046735167503357},"size":2.0303943157196047,"orthographic":false}