{"cameraMode":{"drawMode":0,"name":"Shaded","section":"Shading Mode"},"sceneLighting":false,"audioPlay":false,"sceneViewState":{"showFog":true,"showMaterialUpdate":true,"showSkybox":false,"showFlares":true,"showImageEffects":true,"showParticleSystems":true},"in2DMode":false,"pivot":{"x":97.38981628417969,"y":-32.57851791381836,"z":1.136414885520935},"rotation":{"x":-0.09519384801387787,"y":-0.256205677986145,"z":0.02568836696445942,"w":-0.96199631690979},"size":1.1591558456420899,"orthographic":false}