{"cameraMode":{"drawMode":0,"name":"Shaded","section":"Shading Mode"},"sceneLighting":true,"audioPlay":false,"sceneViewState":{"showFog":true,"showMaterialUpdate":true,"showSkybox":true,"showFlares":true,"showImageEffects":true,"showParticleSystems":true},"in2DMode":false,"pivot":{"x":226.64187622070313,"y":-72.22132110595703,"z":-5.48573637008667},"rotation":{"x":0.2288021743297577,"y":0.07307755202054978,"z":-0.033854495733976367,"w":0.9708111882209778},"size":1.2247449159622193,"orthographic":false}