{"cameraMode":{"drawMode":0,"name":"Shaded","section":"Shading Mode"},"sceneLighting":false,"audioPlay":false,"sceneViewState":{"showFog":true,"showMaterialUpdate":true,"showSkybox":false,"showFlares":true,"showImageEffects":true,"showParticleSystems":true},"in2DMode":false,"pivot":{"x":-0.8162202835083008,"y":0.8185279965400696,"z":0.07901644706726074},"rotation":{"x":0.03154695779085159,"y":-0.13195101916790009,"z":0.004119284451007843,"w":0.9909485578536987},"size":1.4142135381698609,"orthographic":false}