{"cameraMode":{"drawMode":0,"name":"Shaded","section":"Shading Mode"},"sceneLighting":true,"audioPlay":false,"sceneViewState":{"showFog":true,"showMaterialUpdate":true,"showSkybox":false,"showFlares":true,"showImageEffects":true,"showParticleSystems":true},"in2DMode":false,"pivot":{"x":143.46084594726563,"y":35.62664031982422,"z":1.2144221067428589},"rotation":{"x":-0.07850053906440735,"y":0.2589760422706604,"z":-0.02087423764169216,"w":-0.9625476598739624},"size":1.5140999555587769,"orthographic":false}