{"cameraMode":{"drawMode":0,"name":"Shaded","section":"Shading Mode"},"sceneLighting":false,"audioPlay":false,"sceneViewState":{"showFog":true,"showMaterialUpdate":true,"showSkybox":false,"showFlares":true,"showImageEffects":true,"showParticleSystems":true},"in2DMode":false,"pivot":{"x":5.341718673706055,"y":-0.020086267963051797,"z":-14.617445945739746},"rotation":{"x":0.6713982820510864,"y":0.010553302243351937,"z":-0.013801058754324913,"w":0.7414702773094177},"size":1.5,"orthographic":false}