{"cameraMode":{"drawMode":0,"name":"Shaded","section":"Shading Mode"},"sceneLighting":true,"audioPlay":false,"sceneViewState":{"showFog":true,"showMaterialUpdate":true,"showSkybox":false,"showFlares":true,"showImageEffects":true,"showParticleSystems":true},"in2DMode":false,"pivot":{"x":-0.9835431575775147,"y":-0.023401916027069093,"z":-0.28640812635421755},"rotation":{"x":0.03984207287430763,"y":-0.7516329884529114,"z":0.03798022121191025,"w":0.6581180691719055},"size":1.0140774250030518,"orthographic":false}