{"cameraMode":{"drawMode":0,"name":"Shaded","section":"Shading Mode"},"sceneLighting":true,"audioPlay":false,"sceneViewState":{"showFog":true,"showMaterialUpdate":true,"showSkybox":true,"showFlares":true,"showImageEffects":true,"showParticleSystems":true},"in2DMode":false,"pivot":{"x":-24.36050796508789,"y":-89.65928649902344,"z":49.441192626953128},"rotation":{"x":-0.47887760400772097,"y":0.1755329817533493,"z":-0.09861812740564347,"w":-0.8545167446136475},"size":59.43754577636719,"orthographic":false}