{"cameraMode":{"drawMode":0,"name":"Shaded","section":"Shading Mode"},"sceneLighting":true,"audioPlay":false,"sceneViewState":{"showFog":true,"showMaterialUpdate":true,"showSkybox":true,"showFlares":true,"showImageEffects":true,"showParticleSystems":true},"in2DMode":false,"pivot":{"x":-8.463790893554688,"y":1.0277295112609864,"z":-4.423506259918213},"rotation":{"x":-0.2444230318069458,"y":-0.486646443605423,"z":0.14477689564228059,"w":-0.826289176940918},"size":1.1621592044830323,"orthographic":false}