{"cameraMode":{"drawMode":0,"name":"Shaded","section":"Shading Mode"},"sceneLighting":true,"audioPlay":false,"sceneViewState":{"showFog":true,"showMaterialUpdate":true,"showSkybox":true,"showFlares":true,"showImageEffects":true,"showParticleSystems":true},"in2DMode":false,"pivot":{"x":69.42281341552735,"y":-9.161712646484375,"z":-1.173818588256836},"rotation":{"x":-0.19036956131458283,"y":-0.38163042068481448,"z":0.07749800384044647,"w":-0.9019181728363037},"size":2.1794495582580568,"orthographic":false}