{"cameraMode":{"drawMode":0,"name":"Shaded","section":"Shading Mode"},"sceneLighting":true,"audioPlay":false,"sceneViewState":{"showFog":true,"showMaterialUpdate":true,"showSkybox":true,"showFlares":true,"showImageEffects":true,"showParticleSystems":true},"in2DMode":false,"pivot":{"x":125.6124267578125,"y":20.919784545898439,"z":20.375524520874025},"rotation":{"x":-0.18861709535121919,"y":-0.28778377175331118,"z":0.05904100090265274,"w":-0.9372295141220093},"size":15.500896453857422,"orthographic":false}