{"cameraMode":{"drawMode":0,"name":"Shaded","section":"Shading Mode"},"sceneLighting":true,"audioPlay":false,"sceneViewState":{"showFog":true,"showMaterialUpdate":true,"showSkybox":true,"showFlares":true,"showImageEffects":true,"showParticleSystems":true},"in2DMode":false,"pivot":{"x":94.9261703491211,"y":-20.84345054626465,"z":-11.922195434570313},"rotation":{"x":-0.3222740888595581,"y":0.10676159709692002,"z":-0.036606039851903918,"w":-0.9399312138557434},"size":0.8660253882408142,"orthographic":false}