{"cameraMode":{"drawMode":0,"name":"Shaded","section":"Shading Mode"},"sceneLighting":true,"audioPlay":false,"sceneViewState":{"showFog":true,"showMaterialUpdate":true,"showSkybox":true,"showFlares":true,"showImageEffects":true,"showParticleSystems":true},"in2DMode":false,"pivot":{"x":102.1458740234375,"y":-5.403958797454834,"z":-7.654752731323242},"rotation":{"x":0.0338665135204792,"y":-0.38761287927627566,"z":0.01585470326244831,"w":0.9216610193252564},"size":3.9159348011016847,"orthographic":false}