{"cameraMode":{"drawMode":0,"name":"Shaded","section":"Shading Mode"},"sceneLighting":true,"audioPlay":false,"sceneViewState":{"showFog":true,"showMaterialUpdate":true,"showSkybox":false,"showFlares":true,"showImageEffects":true,"showParticleSystems":true},"in2DMode":false,"pivot":{"x":-0.7904889583587647,"y":-0.14767539501190186,"z":0.1754995882511139},"rotation":{"x":0.11115482449531555,"y":-0.6601455211639404,"z":0.09732605516910553,"w":0.7369741201400757},"size":1.0140774250030518,"orthographic":false}