{"cameraMode":{"drawMode":0,"name":"Shaded","section":"Shading Mode"},"sceneLighting":true,"audioPlay":false,"sceneViewState":{"showFog":true,"showMaterialUpdate":true,"showSkybox":true,"showFlares":true,"showImageEffects":true,"showParticleSystems":true},"in2DMode":false,"pivot":{"x":7.365417003631592,"y":6.988015174865723,"z":-2.9771790504455568},"rotation":{"x":-0.271599680185318,"y":-0.09921710938215256,"z":0.02785726822912693,"w":-0.9571433663368225},"size":0.14168763160705567,"orthographic":false}