{"cameraMode":{"drawMode":0,"name":"Shaded","section":"Shading Mode"},"sceneLighting":false,"audioPlay":false,"sceneViewState":{"showFog":true,"showMaterialUpdate":true,"showSkybox":false,"showFlares":true,"showImageEffects":true,"showParticleSystems":true},"in2DMode":false,"pivot":{"x":47.529998779296878,"y":-20.649999618530275,"z":3.2100000381469728},"rotation":{"x":0.14534461498260499,"y":0.03992721438407898,"z":-0.006087818648666143,"w":0.9887368083000183},"size":3.0945160388946535,"orthographic":false}