{"cameraMode":{"drawMode":0,"name":"Shaded","section":"Shading Mode"},"sceneLighting":true,"audioPlay":false,"sceneViewState":{"showFog":true,"showMaterialUpdate":true,"showSkybox":true,"showFlares":true,"showImageEffects":true,"showParticleSystems":true},"in2DMode":false,"pivot":{"x":58.06438064575195,"y":-8.61806583404541,"z":3.8171398639678957},"rotation":{"x":0.05378854274749756,"y":-0.1343846470117569,"z":0.007348774466663599,"w":0.989441990852356},"size":2.5507590770721437,"orthographic":false}