{"cameraMode":{"drawMode":0,"name":"Shaded","section":"Shading Mode"},"sceneLighting":true,"audioPlay":false,"sceneViewState":{"showFog":true,"showMaterialUpdate":true,"showSkybox":true,"showFlares":true,"showImageEffects":true,"showParticleSystems":true},"in2DMode":false,"pivot":{"x":131.8738555908203,"y":46.40610885620117,"z":11.636672019958496},"rotation":{"x":0.43602076172828677,"y":0.05781039968132973,"z":-0.03348485007882118,"w":0.8980520963668823},"size":2.872281312942505,"orthographic":false}