{"cameraMode":{"drawMode":0,"name":"Shaded","section":"Shading Mode"},"sceneLighting":true,"audioPlay":false,"sceneViewState":{"showFog":true,"showMaterialUpdate":true,"showSkybox":true,"showFlares":true,"showImageEffects":true,"showParticleSystems":true},"in2DMode":false,"pivot":{"x":89.54098510742188,"y":-11.893413543701172,"z":8.597185134887696},"rotation":{"x":0.36143970489501955,"y":-0.13441599905490876,"z":0.005012793466448784,"w":0.92421954870224},"size":9.093266487121582,"orthographic":false}