{"cameraMode":{"drawMode":0,"name":"Shaded","section":"Shading Mode"},"sceneLighting":true,"audioPlay":false,"sceneViewState":{"showFog":true,"showMaterialUpdate":true,"showSkybox":true,"showFlares":true,"showImageEffects":true,"showParticleSystems":true},"in2DMode":false,"pivot":{"x":66.1839599609375,"y":16.44389533996582,"z":-2.9483680725097658},"rotation":{"x":0.48250842094421389,"y":-0.04352410510182381,"z":0.022264057770371438,"w":0.8747231960296631},"size":10.0,"orthographic":false}