{"cameraMode":{"drawMode":0,"name":"Shaded","section":"Shading Mode"},"sceneLighting":true,"audioPlay":false,"sceneViewState":{"showFog":true,"showMaterialUpdate":true,"showSkybox":true,"showFlares":true,"showImageEffects":true,"showParticleSystems":true},"in2DMode":false,"pivot":{"x":3.7252109050750734,"y":4.004878997802734,"z":13.388001441955567},"rotation":{"x":-0.02929205819964409,"y":0.08371014893054962,"z":0.002594594843685627,"w":0.9960939288139343},"size":9.093266487121582,"orthographic":false}