{"cameraMode":{"drawMode":0,"name":"Shaded","section":"Shading Mode"},"sceneLighting":true,"audioPlay":false,"sceneViewState":{"showFog":true,"showMaterialUpdate":true,"showSkybox":true,"showFlares":true,"showImageEffects":true,"showParticleSystems":true},"in2DMode":false,"pivot":{"x":61.88254928588867,"y":118.25557708740235,"z":-59.9652099609375},"rotation":{"x":-0.3531574308872223,"y":0.20576918125152589,"z":-0.079961858689785,"w":-0.9091905355453491},"size":9.093266487121582,"orthographic":false}