{"cameraMode":{"drawMode":0,"name":"Shaded","section":"Shading Mode"},"sceneLighting":false,"audioPlay":false,"sceneViewState":{"showFog":true,"showMaterialUpdate":true,"showSkybox":false,"showFlares":true,"showImageEffects":true,"showParticleSystems":true},"in2DMode":false,"pivot":{"x":16.174612045288087,"y":1.6546423435211182,"z":-0.74591463804245},"rotation":{"x":-0.01679876632988453,"y":-0.97029709815979,"z":0.0712292492389679,"w":-0.23230142891407014},"size":2.0303943157196047,"orthographic":false}