{"cameraMode":{"drawMode":0,"name":"Shaded","section":"Shading Mode"},"sceneLighting":true,"audioPlay":false,"sceneViewState":{"showFog":true,"showMaterialUpdate":true,"showSkybox":true,"showFlares":true,"showImageEffects":true,"showParticleSystems":true},"in2DMode":false,"pivot":{"x":112.61202239990235,"y":5.082065582275391,"z":-6.026702880859375},"rotation":{"x":0.03242362663149834,"y":-0.12382519245147705,"z":-0.0041283811442554,"w":-0.9917898774147034},"size":20.118247985839845,"orthographic":false}