{"cameraMode":{"drawMode":0,"name":"Shaded","section":"Shading Mode"},"sceneLighting":true,"audioPlay":false,"sceneViewState":{"showFog":true,"showMaterialUpdate":true,"showSkybox":true,"showFlares":true,"showImageEffects":true,"showParticleSystems":true},"in2DMode":false,"pivot":{"x":36.06249237060547,"y":22.652484893798829,"z":-16.20577049255371},"rotation":{"x":0.19967718422412873,"y":-0.14023350179195405,"z":0.027101075276732446,"w":0.9694140553474426},"size":11.768959045410157,"orthographic":false}