{"cameraMode":{"drawMode":0,"name":"Shaded","section":"Shading Mode"},"sceneLighting":true,"audioPlay":false,"sceneViewState":{"showFog":true,"showMaterialUpdate":true,"showSkybox":true,"showFlares":true,"showImageEffects":true,"showParticleSystems":true},"in2DMode":false,"pivot":{"x":38.7126350402832,"y":94.27041625976563,"z":7.905708312988281},"rotation":{"x":0.11979451030492783,"y":0.20003515481948853,"z":-0.024744722992181779,"w":0.9721266031265259},"size":14.64683723449707,"orthographic":false}