{"cameraMode":{"drawMode":0,"name":"Shaded","section":"Shading Mode"},"sceneLighting":true,"audioPlay":false,"sceneViewState":{"showFog":true,"showMaterialUpdate":true,"showSkybox":true,"showFlares":true,"showImageEffects":true,"showParticleSystems":true},"in2DMode":false,"pivot":{"x":31.64501953125,"y":4.973677158355713,"z":2.7968130111694338},"rotation":{"x":-0.08951075375080109,"y":-0.4169314205646515,"z":0.0416109599173069,"w":-0.9037883877754211},"size":10.186603546142579,"orthographic":false}