{"cameraMode":{"drawMode":0,"name":"Shaded","section":"Shading Mode"},"sceneLighting":true,"audioPlay":false,"sceneViewState":{"showFog":true,"showMaterialUpdate":true,"showSkybox":true,"showFlares":true,"showImageEffects":true,"showParticleSystems":true},"in2DMode":false,"pivot":{"x":15.453269958496094,"y":28.15545082092285,"z":-1.2193951606750489},"rotation":{"x":0.2116263508796692,"y":-0.22829985618591309,"z":0.05069819465279579,"w":0.9492202997207642},"size":0.7071067690849304,"orthographic":false}