{"cameraMode":{"drawMode":0,"name":"Shaded","section":"Shading Mode"},"sceneLighting":false,"audioPlay":false,"sceneViewState":{"showFog":true,"showMaterialUpdate":true,"showSkybox":false,"showFlares":true,"showImageEffects":true,"showParticleSystems":true},"in2DMode":false,"pivot":{"x":-19.6763916015625,"y":1.579108476638794,"z":0.3976373076438904},"rotation":{"x":-0.12665905058383943,"y":-0.3311099708080292,"z":0.04557234048843384,"w":-0.9340266585350037},"size":0.7117454409599304,"orthographic":false}