{"cameraMode":{"drawMode":0,"name":"Shaded","section":"Shading Mode"},"sceneLighting":true,"audioPlay":false,"sceneViewState":{"showFog":true,"showMaterialUpdate":true,"showSkybox":true,"showFlares":true,"showImageEffects":true,"showParticleSystems":true},"in2DMode":false,"pivot":{"x":115.86628723144531,"y":-2.4505367279052736,"z":-9.828502655029297},"rotation":{"x":0.08060608059167862,"y":0.012059731408953667,"z":-0.016211312264204027,"w":0.9976027607917786},"size":15.854687690734864,"orthographic":false}