{"cameraMode":{"drawMode":0,"name":"Shaded","section":"Shading Mode"},"sceneLighting":true,"audioPlay":false,"sceneViewState":{"showFog":true,"showMaterialUpdate":true,"showSkybox":true,"showFlares":true,"showImageEffects":true,"showParticleSystems":true},"in2DMode":false,"pivot":{"x":58.59391784667969,"y":34.789344787597659,"z":-39.99837875366211},"rotation":{"x":-0.23306968808174134,"y":0.0226852148771286,"z":-0.005424593109637499,"w":-0.9725115895271301},"size":8.7098388671875,"orthographic":false}