{"cameraMode":{"drawMode":0,"name":"Shaded","section":"Shading Mode"},"sceneLighting":true,"audioPlay":false,"sceneViewState":{"showFog":true,"showMaterialUpdate":true,"showSkybox":true,"showFlares":true,"showImageEffects":true,"showParticleSystems":true},"in2DMode":false,"pivot":{"x":222.47427368164063,"y":-45.045936584472659,"z":71.48114013671875},"rotation":{"x":0.12861184775829316,"y":0.016693774610757829,"z":-0.018617963418364526,"w":0.9920451045036316},"size":60.00502395629883,"orthographic":false}