{"cameraMode":{"drawMode":0,"name":"Shaded","section":"Shading Mode"},"sceneLighting":true,"audioPlay":false,"sceneViewState":{"showFog":true,"showMaterialUpdate":true,"showSkybox":true,"showFlares":true,"showImageEffects":true,"showParticleSystems":true},"in2DMode":false,"pivot":{"x":33.98529052734375,"y":2.6949145793914797,"z":1.107008695602417},"rotation":{"x":0.1503925621509552,"y":-0.06512695550918579,"z":-0.00537533313035965,"w":0.98711758852005},"size":4.639339447021484,"orthographic":false}