{"cameraMode":{"drawMode":0,"name":"Shaded","section":"Shading Mode"},"sceneLighting":true,"audioPlay":false,"sceneViewState":{"showFog":true,"showMaterialUpdate":true,"showSkybox":true,"showFlares":true,"showImageEffects":true,"showParticleSystems":true},"in2DMode":false,"pivot":{"x":17.979999542236329,"y":-1.99399995803833,"z":7.5289998054504398},"rotation":{"x":-0.16611722111701966,"y":0.021081456914544107,"z":0.0016132323071360589,"w":-0.986029326915741},"size":8.49142837524414,"orthographic":false}