{"cameraMode":{"drawMode":0,"name":"Shaded","section":"Shading Mode"},"sceneLighting":true,"audioPlay":false,"sceneViewState":{"showFog":true,"showMaterialUpdate":true,"showSkybox":true,"showFlares":true,"showImageEffects":true,"showParticleSystems":true},"in2DMode":false,"pivot":{"x":-55.688968658447269,"y":-34.433345794677737,"z":169.40115356445313},"rotation":{"x":-0.10456350445747376,"y":0.10184705257415772,"z":-0.010762066580355168,"w":-0.9892367124557495},"size":90.25023651123047,"orthographic":false}