{"cameraMode":{"drawMode":0,"name":"Shaded","section":"Shading Mode"},"sceneLighting":true,"audioPlay":false,"sceneViewState":{"showFog":true,"showMaterialUpdate":true,"showSkybox":true,"showFlares":true,"showImageEffects":true,"showParticleSystems":true},"in2DMode":false,"pivot":{"x":79.2736587524414,"y":5.647945880889893,"z":-14.43917465209961},"rotation":{"x":0.1134062111377716,"y":-0.03643704950809479,"z":0.009994120337069035,"w":0.9935968518257141},"size":0.866063117980957,"orthographic":false}