{"cameraMode":{"drawMode":0,"name":"Shaded","section":"Shading Mode"},"sceneLighting":true,"audioPlay":false,"sceneViewState":{"showFog":true,"showMaterialUpdate":true,"showSkybox":true,"showFlares":true,"showImageEffects":true,"showParticleSystems":true},"in2DMode":false,"pivot":{"x":104.78229522705078,"y":-27.0,"z":-8.709999084472657},"rotation":{"x":0.22778010368347169,"y":0.33074048161506655,"z":-0.08316174149513245,"w":0.9120829105377197},"size":24.24871063232422,"orthographic":false}