{"cameraMode":{"drawMode":0,"name":"Shaded","section":"Shading Mode"},"sceneLighting":true,"audioPlay":false,"sceneViewState":{"showFog":true,"showMaterialUpdate":true,"showSkybox":true,"showFlares":true,"showImageEffects":true,"showParticleSystems":true},"in2DMode":false,"pivot":{"x":45.60751724243164,"y":0.3559272587299347,"z":2.2807650566101076},"rotation":{"x":-0.18028965592384339,"y":-0.008514677174389363,"z":0.018794283270835878,"w":-0.9846310615539551},"size":13.973429679870606,"orthographic":false}