{"cameraMode":{"drawMode":0,"name":"Shaded","section":"Shading Mode"},"sceneLighting":true,"audioPlay":false,"sceneViewState":{"showFog":true,"showMaterialUpdate":true,"showSkybox":true,"showFlares":true,"showImageEffects":true,"showParticleSystems":true},"in2DMode":false,"pivot":{"x":70.35708618164063,"y":41.44698715209961,"z":-78.20057678222656},"rotation":{"x":-0.12097971886396408,"y":-0.09336116164922714,"z":0.011394860222935677,"w":-0.9882379174232483},"size":6.993156909942627,"orthographic":false}