{"cameraMode":{"drawMode":0,"name":"Shaded","section":"Shading Mode"},"sceneLighting":true,"audioPlay":false,"sceneViewState":{"showFog":true,"showMaterialUpdate":true,"showSkybox":true,"showFlares":true,"showImageEffects":true,"showParticleSystems":true},"in2DMode":false,"pivot":{"x":8.927441596984864,"y":2.460505962371826,"z":2.8893237113952638},"rotation":{"x":0.13413995504379273,"y":-0.039712708443403247,"z":0.005169392097741365,"w":0.990254282951355},"size":0.7007676362991333,"orthographic":false}