{"cameraMode":{"drawMode":0,"name":"Shaded","section":"Shading Mode"},"sceneLighting":true,"audioPlay":false,"sceneViewState":{"showFog":true,"showMaterialUpdate":true,"showSkybox":true,"showFlares":true,"showImageEffects":true,"showParticleSystems":true},"in2DMode":false,"pivot":{"x":21.387224197387697,"y":19.137554168701173,"z":17.37901496887207},"rotation":{"x":0.038915421813726428,"y":-0.053480152040719989,"z":-0.02663835510611534,"w":0.9987279772758484},"size":12.584446907043457,"orthographic":false}