{"cameraMode":{"drawMode":0,"name":"Shaded","section":"Shading Mode"},"sceneLighting":true,"audioPlay":false,"sceneViewState":{"showFog":true,"showMaterialUpdate":true,"showSkybox":true,"showFlares":true,"showImageEffects":true,"showParticleSystems":true},"in2DMode":false,"pivot":{"x":55.609256744384769,"y":52.664344787597659,"z":-12.462772369384766},"rotation":{"x":-0.36835041642189028,"y":0.0700063407421112,"z":-0.027583060786128045,"w":-0.9267252087593079},"size":3.2966878414154054,"orthographic":false}