{"cameraMode":{"drawMode":0,"name":"Shaded","section":"Shading Mode"},"sceneLighting":true,"audioPlay":false,"sceneViewState":{"showFog":true,"showMaterialUpdate":true,"showSkybox":true,"showFlares":true,"showImageEffects":true,"showParticleSystems":true},"in2DMode":false,"pivot":{"x":16.540029525756837,"y":1.9452370405197144,"z":0.5656166076660156},"rotation":{"x":0.19860148429870606,"y":0.04134226217865944,"z":-0.008363118395209313,"w":0.9792747497558594},"size":1.3442039489746094,"orthographic":false}