{"cameraMode":{"drawMode":0,"name":"Shaded","section":"Shading Mode"},"sceneLighting":true,"audioPlay":false,"sceneViewState":{"showFog":true,"showMaterialUpdate":true,"showSkybox":true,"showFlares":true,"showImageEffects":true,"showParticleSystems":true},"in2DMode":false,"pivot":{"x":11.601737976074219,"y":15.42031192779541,"z":18.78563117980957},"rotation":{"x":0.13785535097122193,"y":0.1117628887295723,"z":0.015668990090489389,"w":-0.9840165376663208},"size":19.004926681518556,"orthographic":false}