{"cameraMode":{"drawMode":0,"name":"Shaded","section":"Shading Mode"},"sceneLighting":false,"audioPlay":false,"sceneViewState":{"showFog":true,"showMaterialUpdate":true,"showSkybox":false,"showFlares":true,"showImageEffects":true,"showParticleSystems":true},"in2DMode":false,"pivot":{"x":42.2736930847168,"y":21.493682861328126,"z":5.884615898132324},"rotation":{"x":0.227836474776268,"y":-0.010702443309128285,"z":0.0023979730904102327,"w":0.9738751649856567},"size":6.062177658081055,"orthographic":false}