{"cameraMode":{"drawMode":0,"name":"Shaded","section":"Shading Mode"},"sceneLighting":true,"audioPlay":false,"sceneViewState":{"showFog":true,"showMaterialUpdate":true,"showSkybox":false,"showFlares":true,"showImageEffects":true,"showParticleSystems":true},"in2DMode":false,"pivot":{"x":-5.639999866485596,"y":50.19900131225586,"z":-1.3860000371932984},"rotation":{"x":-0.3042049705982208,"y":-0.46196675300598147,"z":0.1726575493812561,"w":-0.8151166439056397},"size":0.510514497756958,"orthographic":false}