{"cameraMode":{"drawMode":0,"name":"Shaded","section":"Shading Mode"},"sceneLighting":true,"audioPlay":false,"sceneViewState":{"showFog":true,"showMaterialUpdate":true,"showSkybox":true,"showFlares":true,"showImageEffects":true,"showParticleSystems":true},"in2DMode":false,"pivot":{"x":75.06017303466797,"y":13.792801856994629,"z":-1.2171261310577393},"rotation":{"x":-0.029723456129431726,"y":0.22006453573703767,"z":0.005276502575725317,"w":0.9750640988349915},"size":3.8196146488189699,"orthographic":false}