{"cameraMode":{"drawMode":0,"name":"Shaded","section":"Shading Mode"},"sceneLighting":true,"audioPlay":false,"sceneViewState":{"showFog":true,"showMaterialUpdate":true,"showSkybox":true,"showFlares":true,"showImageEffects":true,"showParticleSystems":true},"in2DMode":false,"pivot":{"x":103.60433197021485,"y":-38.01461410522461,"z":53.766605377197269},"rotation":{"x":0.27581244707107546,"y":0.24097611010074616,"z":-0.0684097558259964,"w":0.9289363026618958},"size":38.61735534667969,"orthographic":false}