{"cameraMode":{"drawMode":0,"name":"Shaded","section":"Shading Mode"},"sceneLighting":true,"audioPlay":false,"sceneViewState":{"showFog":true,"showMaterialUpdate":true,"showSkybox":true,"showFlares":true,"showImageEffects":true,"showParticleSystems":true},"in2DMode":false,"pivot":{"x":-19.372018814086915,"y":2.4693069458007814,"z":13.509041786193848},"rotation":{"x":0.10058814287185669,"y":-0.03281714394688606,"z":0.00336245889775455,"w":0.9943830370903015},"size":9.093266487121582,"orthographic":false}