{"cameraMode":{"drawMode":0,"name":"Shaded","section":"Shading Mode"},"sceneLighting":true,"audioPlay":false,"sceneViewState":{"showFog":true,"showMaterialUpdate":true,"showSkybox":true,"showFlares":true,"showImageEffects":true,"showParticleSystems":true},"in2DMode":false,"pivot":{"x":3.427332639694214,"y":4.3816022872924809,"z":-5.378983497619629},"rotation":{"x":0.2554657459259033,"y":-0.10186317563056946,"z":0.027081698179244996,"w":0.9610593914985657},"size":4.162042140960693,"orthographic":false}