{"cameraMode":{"drawMode":0,"name":"Shaded","section":"Shading Mode"},"sceneLighting":true,"audioPlay":false,"sceneViewState":{"showFog":true,"showMaterialUpdate":true,"showSkybox":true,"showFlares":true,"showImageEffects":true,"showParticleSystems":true},"in2DMode":false,"pivot":{"x":-64.91024017333985,"y":28.999879837036134,"z":111.57109832763672},"rotation":{"x":-0.038444988429546359,"y":-0.29429754614830019,"z":-0.014261356554925442,"w":0.9550483226776123},"size":94.08433532714844,"orthographic":false}