{"cameraMode":{"drawMode":0,"name":"Shaded","section":"Shading Mode"},"sceneLighting":true,"audioPlay":false,"sceneViewState":{"showFog":true,"showMaterialUpdate":true,"showSkybox":true,"showFlares":true,"showImageEffects":true,"showParticleSystems":true},"in2DMode":false,"pivot":{"x":51.158687591552737,"y":0.4844224154949188,"z":-0.6056584119796753},"rotation":{"x":-0.10632755607366562,"y":-0.07242412865161896,"z":0.007761260960251093,"w":-0.9917036294937134},"size":0.8660253882408142,"orthographic":false}